CO,H2,NO,H2S,NH3,VOC,CO2,Results
0.027597936,0.250581821,0.044288504,0.085057068,0.091294647,0.090111399,0.09112376,1
0.027835655,0.263119492,0.054160413,0.089951973,0.096668665,0.094698484,0.105638956,1
0.035730468,0.275400438,0.056579326,0.101630618,0.104321104,0.086993919,0.116368822,1
0.033558499,0.293438935,0.059048663,0.103899926,0.105408048,0.107113614,0.142687488,1
0.030583302,0.306800624,0.063933288,0.103666431,0.113203988,0.11125199,0.16317502,1
0.02886758,0.322150166,0.066384609,0.114110661,0.111282137,0.122593222,0.170639065,1
-0.005248144,0.341486201,0.068829924,0.117514239,0.131143812,0.114732258,0.183211466,1
0.016987729,0.351420455,0.07208974,0.118874967,0.127358129,0.133795993,0.196400698,1
0.013027778,0.366060031,0.073991451,0.120463069,0.131089189,0.140785459,0.204987909,1
0.020747356,0.374251308,0.078967168,0.12470122,0.132698585,0.147842255,0.225267556,1
0.017263831,0.058474223,0.037393864,0.102548968,0.078990207,0.034359092,0.139199435,1
0.020289155,0.067015805,0.034225892,0.109413334,0.089971376,0.047544908,0.160296277,1
0.018051516,0.068197197,0.041451377,0.116878059,0.097010632,0.053343,0.179910029,1
0.019941682,0.076321001,0.044431486,0.123282027,0.107900252,0.066181386,0.19836304,1
0.021453462,0.079422732,0.044578142,0.129532529,0.115504149,0.070765941,0.215934773,1
0.024215048,0.083164578,0.045620397,0.133750685,0.123296259,0.079828797,0.23933625,1
0.028894712,0.090328583,0.049271909,0.135612634,0.125173053,0.09088835,0.248111174,1
0.026492316,0.092336262,0.050836498,0.144149752,0.133278833,0.094340611,0.265347058,1
0.028879009,0.097021094,0.050947594,0.147616108,0.139861566,0.100805487,0.275644932,1
0.025618567,0.102507139,0.05313376,0.151617266,0.146385341,0.105738804,0.299471288,1
0.015403955,0.218421664,0.036482815,0.074577237,0.076244424,0.073738721,0.09653789,1
0.01972091,0.234614454,0.037619235,0.077283284,0.078820568,0.084269874,0.111277552,1
0.021148392,0.248668289,0.0390236,0.08056809,0.082938331,0.093034115,0.144467126,1
0.021435601,0.265260914,0.039870528,0.082565041,0.090052445,0.101093517,0.14905031,1
0.02037956,0.277104005,0.043876168,0.094091252,0.093796404,0.106701398,0.168151645,1
0.016868075,0.29146539,0.047121295,0.09371616,0.103926179,0.109629555,0.189067318,1
0.021855982,0.303455423,0.052793425,0.0974332,0.10204034,0.118985318,0.195895905,1
0.025603331,0.315494438,0.050883031,0.098547183,0.108043527,0.123079958,0.211654408,1
0.022004667,0.326759329,0.055392152,0.101785128,0.106160768,0.129191029,0.222438646,1
0.022054229,0.33941011,0.057885999,0.101608166,0.107534244,0.134220537,0.239424247,1
0.022909312,0.43036942,0.065218444,0.108777638,0.131919762,0.119338103,0.102806217,1
0.01690447,0.459918246,0.071947021,0.114810347,0.146430658,0.128898951,0.12610528,1
0.021409282,0.486866722,0.080878072,0.119776724,0.148447536,0.142967039,0.142384562,1
0.020909271,0.512209573,0.082842739,0.128325899,0.157212002,0.154098559,0.16208776,1
0.027127018,0.541033244,0.089729854,0.129575874,0.159178179,0.165753637,0.180592336,1
0.024150117,0.560716356,0.094308052,0.136097466,0.167637873,0.174976774,0.209604303,1
0.025230399,0.5833957,0.098129823,0.143570801,0.172740767,0.183563783,0.227070755,1
0.03110861,0.604026935,0.099302208,0.144980568,0.178889234,0.192755706,0.242563561,1
0.02691769,0.623346607,0.102594531,0.149569206,0.182639688,0.200309621,0.255177584,1
0.029107725,0.643173993,0.105710371,0.151568675,0.187566932,0.209146776,0.26942934,1
0.016094401,0.719581775,0.054662766,0.081512032,0.093768216,0.162081388,0.097686272,1
0.021221195,0.7495274,0.064348738,0.089188548,0.101873625,0.17436731,0.10650177,1
0.024157282,0.792762954,0.065712168,0.09466061,0.104276447,0.19190217,0.121773618,1
0.005686055,0.826922306,0.071022906,0.102298677,0.11917242,0.19370441,0.137940754,1
0.021666529,0.85760342,0.076502837,0.106668721,0.126566289,0.214798548,0.158186041,1
0.024091486,0.887354929,0.078472123,0.10904382,0.125858215,0.225685882,0.171951119,1
0.025343818,0.914009554,0.082582799,0.112919805,0.139480043,0.237973977,0.180032699,1
0.02656958,0.937694411,0.09111987,0.116631104,0.138901815,0.247326724,0.205218564,1
0.045299258,0.954474238,0.093708181,0.120787803,0.144877286,0.269188775,0.209797296,1
0.037302634,0.9809833,0.095789038,0.125038073,0.145048763,0.271455687,0.224601641,1
0.0134846,0.206386264,0.041643379,0.050046534,0.066361018,0.081039593,0.082612238,1
0.012984135,0.218246119,0.046075849,0.055904111,0.076221047,0.087937686,0.096792117,1
0.004591141,0.238223815,0.05170068,0.057452298,0.085938814,0.094411697,0.112861347,1
0.016275092,0.240698311,0.051797905,0.064803699,0.090837141,0.103751878,0.144103238,1
0.012489265,0.261203209,0.056960466,0.062887416,0.094081568,0.110650879,0.150107987,1
0.013494369,0.268863007,0.058713728,0.069581934,0.098423424,0.11606394,0.165778742,1
0.012567461,0.283134051,0.061019002,0.071174679,0.100952185,0.121795565,0.177886722,1
0.014221131,0.29369954,0.063999452,0.069054288,0.10324239,0.130393272,0.196911925,1
0.017718593,0.305233593,0.067388964,0.073761218,0.108103921,0.133542112,0.199151632,1
0.014552825,0.319110523,0.06788468,0.072995794,0.108860229,0.139085232,0.220888373,1
0.024302958,0.551213566,0.053835194,0.082360888,0.107654102,0.142600747,0.138861488,1
0.027615651,0.586751935,0.058244958,0.087117472,0.11887833,0.160505514,0.162263466,1
0.024142141,0.6241135,0.066005884,0.093602162,0.126292061,0.17525417,0.174268214,1
0.027343743,0.656551499,0.070062781,0.098976857,0.137387526,0.187766249,0.197463685,1
0.027253107,0.684700833,0.075629659,0.106185194,0.146812466,0.200108369,0.212452299,1
0.026662492,0.71628984,0.078837584,0.112007142,0.155280206,0.210020706,0.24145637,1
0.026435408,0.742713037,0.083390123,0.117978174,0.161244432,0.220694067,0.247982577,1
0.02941805,0.770188459,0.085976944,0.123536772,0.167682692,0.22918357,0.276102045,1
0.027081361,0.793037478,0.093239543,0.127379982,0.173444458,0.237198796,0.29416102,1
0.030551887,0.816322708,0.094895079,0.130513918,0.182393946,0.247583184,0.309553834,1
0.019346401,0.341248184,0.034876634,0.072473868,0.10311945,0.120042921,0.191034103,1
0.027963803,0.367314572,0.03922853,0.074207194,0.104249765,0.136513734,0.210910507,1
0.023908089,0.390809981,0.041628804,0.079818167,0.118276717,0.146391281,0.230661224,1
0.025428652,0.415468601,0.047134736,0.08389387,0.124956744,0.158429276,0.247125473,1
0.024583601,0.431519944,0.051397743,0.090377971,0.131859071,0.165734456,0.280355982,1
0.023181168,0.454855557,0.054654056,0.097153114,0.141269334,0.17543739,0.288782881,1
0.02405961,0.474494959,0.055532891,0.098317653,0.143451656,0.185989574,0.3091791,1
0.027140155,0.496957984,0.053656066,0.105847026,0.144060642,0.195996488,0.32041441,1
0.023577005,0.512619731,0.059833819,0.107117393,0.151501495,0.204477125,0.334213462,1
0.026671345,0.531838405,0.059639857,0.11005064,0.155812379,0.212267246,0.344185853,1
0.005310457,0.084999399,0.051368225,0.087494883,0.110925992,0.051186355,0.116785484,1
0.004591082,0.090661153,0.054742493,0.090476573,0.121250325,0.057291511,0.133818887,1
0.007857805,0.098918101,0.057831177,0.097084235,0.131428564,0.064479601,0.14603479,1
0.007079316,0.103557668,0.063240702,0.103535894,0.136635151,0.068910683,0.173688205,1
0.009536332,0.107856506,0.064445835,0.106261397,0.151529051,0.074411345,0.201626415,1
0.006840633,0.112463579,0.068278325,0.110948056,0.156601609,0.07934953,0.215274144,1
0.005133467,0.115432216,0.069957532,0.116673984,0.166512303,0.08445675,0.22750852,1
0.008548658,0.121212661,0.070167161,0.120144847,0.169879116,0.089432823,0.237763492,1
0.010745604,0.122501417,0.074051981,0.126465652,0.180815369,0.096049128,0.250142754,1
0.010988713,0.126485422,0.075416797,0.126474333,0.185583058,0.09828565,0.264197915,1
0.031351261,0.268947771,0.019715948,0.094247634,0.076076986,0.064243422,0.073323599,1
0.03028826,0.288293107,0.021883316,0.099544673,0.077168715,0.078705664,0.084021544,1
0.032265257,0.308793835,0.024608609,0.104310977,0.082982942,0.087363237,0.094115048,1
0.030942318,0.325331064,0.029494704,0.107665425,0.082029719,0.095069842,0.114066364,1
0.034415546,0.34581507,0.032031834,0.110372342,0.083650054,0.102152172,0.114315679,1
0.010718246,0.366293503,0.034506242,0.112392797,0.087127632,0.107081817,0.122676827,1
0.030018556,0.381575254,0.031293942,0.115596192,0.088826937,0.120851434,0.145078231,1
0.02367008,0.398378127,0.032675582,0.115709872,0.075904127,0.122201709,0.153704811,1
0.029614962,0.410700606,0.032065362,0.120070771,0.088439001,0.130496881,0.15916466,1
0.031108035,0.430174682,0.030694898,0.119934694,0.086682084,0.143477655,0.163860136,1
0.037611531,0.317884005,0.015966909,0.102853918,0.068636149,0.101408307,0.11287479,1
0.040528498,0.350560731,0.020781079,0.116327839,0.056039909,0.123085954,0.134643345,1
0.031580531,0.368648245,0.022014954,0.118307981,0.073785249,0.124961629,0.150214378,1
0.040963426,0.4018457,0.006127324,0.128342149,0.077129219,0.139323153,0.182192158,1
0.03622559,0.414057878,0.022401593,0.132346918,0.085786593,0.14799076,0.185020929,1
0.044284359,0.435704839,0.027413285,0.120750522,0.089787042,0.162177554,0.201505925,1
0.042136129,0.450246426,0.027998188,0.134496022,0.098889128,0.169795688,0.214454264,1
0.055499538,0.454171255,0.024980908,0.138467598,0.10325664,0.180319206,0.224265375,1
0.046217097,0.476602769,0.030680532,0.142745686,0.106118902,0.184738819,0.253010713,1
0.065481066,0.475622591,0.038085063,0.145495574,0.115039243,0.189719862,0.249586821,1
0.008465544,0.303067595,0.033094642,0.095182767,0.106726342,0.096266633,0.119340466,1
0.025630955,0.318103975,0.036567892,0.095858045,0.105869362,0.104488983,0.129632105,1
0.023409771,0.337916565,0.038194803,0.103068291,0.109276693,0.114770101,0.148746065,1
0.028391179,0.352788097,0.044777669,0.104069195,0.116637226,0.124193132,0.163430744,1
0.032566462,0.367604679,0.047514262,0.113316662,0.118598911,0.130761182,0.182834978,1
0.025853068,0.385638738,0.057131164,0.102084348,0.1151959,0.139346751,0.195825553,1
0.028262239,0.39984416,0.05473858,0.114443566,0.121225874,0.144397957,0.209879031,1
0.013806665,0.418728674,0.057146685,0.119702013,0.125356737,0.152198757,0.227031737,1
0.030950051,0.429758653,0.058779463,0.120691756,0.130371287,0.158110363,0.240689006,1
0.030218385,0.447868172,0.05849882,0.134167715,0.112260904,0.169191581,0.259097018,1
0.027970071,0.250295845,0.035816729,0.086746955,0.097028039,0.08482314,0.1249262,1
0.030079216,0.269432037,0.038856063,0.091343487,0.104371449,0.097337162,0.149431184,1
0.030417471,0.288802523,0.04051593,0.097774939,0.10912535,0.102712288,0.163718086,1
0.036116083,0.304893291,0.042082331,0.09982333,0.114785391,0.11355815,0.181531528,1
0.031617955,0.321596521,0.046412962,0.104277548,0.118256706,0.122220354,0.205252475,1
0.035273325,0.339038271,0.045123431,0.106445084,0.121300491,0.130350647,0.22235248,1
0.033364802,0.353675139,0.046137131,0.11027994,0.125099795,0.137575751,0.25386311,1
0.035574688,0.36762322,0.046045187,0.113908341,0.127380824,0.145949424,0.268439051,1
0.035675143,0.383661953,0.056118064,0.113140885,0.127779998,0.152776621,0.277290825,1
0.031562444,0.393657558,0.05456223,0.122232555,0.133556212,0.157843578,0.288355271,1
0.019171337,0.097182386,0.046666114,0.071898083,0.095601108,0.061440819,0.094398142,1
0.021682937,0.10338017,0.050080047,0.07946305,0.106910609,0.069270512,0.113139045,1
0.022407154,0.108846373,0.054709658,0.083656836,0.11600651,0.073843881,0.1307025,1
0.023485759,0.114361973,0.055763235,0.089204024,0.124435915,0.082861048,0.149314369,1
0.020831492,0.119650178,0.062540443,0.090823412,0.128650079,0.084136018,0.179276456,1
0.02356148,0.12487905,0.063523101,0.094839874,0.134492206,0.092449543,0.201978192,1
0.020331511,0.128384743,0.070992536,0.0999737,0.139471908,0.095645708,0.211394779,1
0.020164851,0.132923868,0.0738099,0.106279004,0.143079184,0.099482271,0.228611303,1
0.02228785,0.140488287,0.075611228,0.105209234,0.147569114,0.106709326,0.240744215,1
0.024567567,0.144522802,0.078778397,0.110209621,0.153523391,0.112024803,0.255410172,1
0.032178478,0.294177872,0.027335815,0.078208953,0.077287427,0.100524533,0.102344033,1
0.033485058,0.316295836,0.031479428,0.086279375,0.085663482,0.10965919,0.118778369,1
0.034257637,0.336303736,0.032951435,0.090311213,0.097936761,0.124748741,0.149228301,1
0.031695481,0.356856107,0.033195705,0.099228113,0.101564664,0.134451081,0.158345973,1
0.03272656,0.376886615,0.035395401,0.10028915,0.110120267,0.144342649,0.182928404,1
0.030588597,0.396924657,0.03783766,0.108497942,0.114181435,0.152501556,0.194161772,1
0.030219636,0.416791257,0.039384979,0.109960281,0.12001463,0.161773589,0.227259225,1
0.032639203,0.438230826,0.039087234,0.113183991,0.123312751,0.172466715,0.235525749,1
0.034950342,0.455254757,0.039503758,0.116373611,0.129611731,0.182376976,0.262334575,1
0.033272036,0.469703528,0.039543352,0.116883784,0.132810765,0.19249998,0.262633129,1
0.019068139,0.159275262,0.023878003,0.068599819,0.087712354,0.070678711,0.107764622,1
0.018145797,0.171393514,0.027147002,0.076945334,0.093568613,0.079620078,0.134936384,1
0.025425479,0.180860946,0.030354689,0.077160884,0.103395739,0.087534492,0.144702419,1
0.01126855,0.197821799,0.035768793,0.083269781,0.115133951,0.088270274,0.16189783,1
0.023624572,0.209886436,0.033759911,0.093515951,0.114184376,0.102546901,0.179023,1
0.026279478,0.216306391,0.036522589,0.097340036,0.127546213,0.109178642,0.195346006,1
0.015007079,0.232233547,0.040029062,0.098774912,0.13819405,0.111265285,0.21137821,1
0.020272602,0.241310188,0.043746384,0.10866592,0.141314463,0.117426621,0.223790885,1
0.018270311,0.251272391,0.042899107,0.109186007,0.145903879,0.126686365,0.238155323,1
0.019358054,0.259246276,0.043855789,0.112656371,0.151729031,0.13019912,0.261729465,1
0.012746444,0.105289978,0.055018516,0.107298185,0.135361802,0.057391824,0.143735363,1
0.015715282,0.117669819,0.065930157,0.106457407,0.145090956,0.06546404,0.168673886,1
0.014370054,0.123799099,0.070589662,0.119103427,0.161518107,0.075131642,0.186493187,1
0.016538862,0.13159641,0.072524836,0.126293715,0.175119688,0.081044915,0.205628608,1
0.01355818,0.139493816,0.07797827,0.141043839,0.186756869,0.08623854,0.224457265,1
0.016542764,0.144725388,0.082068744,0.145102101,0.200052602,0.091568443,0.243622374,1
0.018171669,0.15561213,0.085250046,0.149743959,0.209991178,0.099959099,0.261169776,1
0.01645429,0.162612506,0.09092918,0.155899208,0.217735948,0.104532618,0.279917696,1
0.018052403,0.168574879,0.093882659,0.164381056,0.228513208,0.110481614,0.309919782,1
0.011502231,0.174523399,0.100015405,0.170887692,0.234687219,0.115616723,0.314776555,1
0.007773081,0.110805779,0.049246879,0.056863037,0.079881373,0.069750405,0.159921071,1
0.013174558,0.11769702,0.055652623,0.056041147,0.085722942,0.072301787,0.189578478,1
0.012516401,0.126623329,0.055148792,0.064327436,0.094589459,0.079902814,0.209924329,1
0.015725111,0.136778658,0.058743701,0.066815569,0.101119759,0.08328695,0.233102498,1
0.014947692,0.143139204,0.061401664,0.068779439,0.107879635,0.088576275,0.242727692,1
0.014130518,0.148644495,0.063485955,0.071891045,0.113937298,0.091467429,0.261800168,1
0.015226591,0.155854983,0.066694311,0.076838078,0.118209811,0.09582186,0.27624887,1
0.018574765,0.16172118,0.068458526,0.081151895,0.115142786,0.101492263,0.300443429,1
0.013545764,0.169335284,0.076626466,0.082611241,0.122055033,0.104833874,0.310069308,1
0.012985489,0.175456321,0.076681977,0.086163233,0.126591981,0.107837879,0.327853204,1
0.025132896,0.451441319,0.051257088,0.100598889,0.123809067,0.131116197,0.114302366,1
0.029094114,0.483133181,0.055127947,0.107592749,0.137714014,0.145754019,0.138942505,1
0.02979442,0.513998792,0.058573657,0.118876379,0.14576811,0.158370801,0.152123291,1
0.028093053,0.542989303,0.064267722,0.123341272,0.159598208,0.170710877,0.172868286,1
0.026131762,0.569451761,0.068941918,0.135101196,0.168520544,0.17902983,0.20370813,1
0.02653848,0.597701709,0.075653214,0.138881864,0.180987501,0.19242659,0.225785889,1
0.024392685,0.62082199,0.079448377,0.145689666,0.186489661,0.199665161,0.248307902,1
0.028695805,0.644455816,0.08295053,0.15084676,0.19410697,0.211426417,0.253408868,1
0.026159705,0.666550935,0.087010573,0.154835059,0.201735335,0.219387297,0.283775382,1
0.033259128,0.688304334,0.089531305,0.159511127,0.208444831,0.230844155,0.279321833,1
0.038677911,0.631070888,0.02972162,0.116757581,0.071925179,0.098606053,0.101670331,1
0.040425375,0.67003224,0.027264731,0.120947298,0.077484554,0.113944134,0.127022078,1
0.039714116,0.705836459,0.03038868,0.128388606,0.083006369,0.123909958,0.14947299,1
0.036804309,0.740523941,0.030611033,0.133893218,0.088327704,0.135599801,0.173545231,1
0.038852496,0.772159196,0.034981675,0.139836129,0.091942087,0.146073566,0.179287324,1
0.038565289,0.800777192,0.034885069,0.14365197,0.096548263,0.153461435,0.189225435,1
0.040779887,0.830627233,0.036309748,0.146904887,0.09928845,0.167553334,0.205845399,1
0.039794746,0.854999392,0.036752439,0.14926114,0.103364842,0.174713256,0.208187674,1
0.040204565,0.877956271,0.035747292,0.156013676,0.105637035,0.181797197,0.222646441,1
0.044895604,0.901870638,0.033932202,0.15579473,0.109380834,0.193055568,0.229874392,1
0.054758002,0.759974266,0.066594597,0.122444503,0.122647079,0.162090956,0.092805941,1
0.060479829,0.804515213,0.076015103,0.12095153,0.131724175,0.176631939,0.107689177,1
0.056967298,0.846366285,0.075205837,0.131913261,0.142082085,0.193962319,0.132912435,1
0.064214147,0.883301645,0.078076251,0.135069514,0.150188024,0.207841315,0.157674496,1
0.062203711,0.919329414,0.083646113,0.138147904,0.154715036,0.219872045,0.162943039,1
0.060693973,0.953416082,0.084831934,0.148364139,0.157298416,0.233391433,0.172953241,1
0.066030999,0.983297978,0.088711432,0.156050889,0.148275317,0.241908138,0.19920501,1
0.065679157,1.012758853,0.090399872,0.150625322,0.160777182,0.259019128,0.199899105,1
0.065713281,1.039050194,0.093883456,0.156261862,0.170074791,0.267561693,0.223529497,1
0.059096959,1.065772287,0.093979859,0.154704582,0.169203262,0.28099569,0.225127242,1
0.039056781,0.138402901,0.039476875,0.112750329,0.097320581,0.083770027,0.08515754,1
0.03414138,0.15302333,0.04254815,0.117790749,0.106208765,0.092455183,0.106333367,1
0.036769179,0.162897285,0.045570842,0.126000672,0.108533219,0.101059445,0.131864156,1
0.03437904,0.172689684,0.04597456,0.132045057,0.120408786,0.111705397,0.137667404,1
0.034458261,0.182500344,0.048744301,0.135168889,0.125142127,0.119749739,0.149739687,1
0.03206035,0.190662301,0.04980212,0.141480169,0.133933638,0.125979837,0.163836218,1
0.036170266,0.198280777,0.049450369,0.142997603,0.138441922,0.135620796,0.19371801,1
0.03511333,0.205168526,0.052940934,0.145607174,0.141247582,0.140911149,0.195356617,1
0.036130991,0.213259143,0.052359601,0.151865655,0.148568376,0.147515857,0.227022272,1
0.044255919,0.216624327,0.053329345,0.153194068,0.150316257,0.154736085,0.225102859,1
0.054162638,1.062436798,0.059092296,0.118789931,0.100870027,0.243090747,0.116248081,1
0.055152097,1.11455521,0.066275683,0.121149311,0.105009171,0.266231061,0.142734397,1
0.054667412,1.161536398,0.071737243,0.128482351,0.110944107,0.287286957,0.173892597,1
0.058090878,1.202707619,0.074324621,0.136595971,0.117557343,0.308529443,0.183341811,1
0.06232568,1.241857381,0.081890413,0.143372462,0.121740067,0.325884113,0.201760428,1
0.061623228,1.276769063,0.085274803,0.148335832,0.133476741,0.343632644,0.215932517,1
0.06768349,1.309594231,0.08729726,0.153876723,0.135527998,0.361844127,0.233306502,1
0.066214218,1.338683598,0.090727146,0.157378143,0.140123975,0.373830799,0.260097902,1
0.070999757,1.364204589,0.092544593,0.160392247,0.145594929,0.390407267,0.278074906,1
0.063967158,1.390546062,0.100804121,0.167446901,0.140812551,0.399928313,0.288114894,1
0.024430805,0.519548077,0.063282114,0.10653758,0.124965757,0.126131348,0.129088199,1
0.028323846,0.55565205,0.067493087,0.11365578,0.134703343,0.144337967,0.144468154,1
0.028327071,0.58789223,0.071261005,0.118319662,0.146777721,0.157539251,0.16117243,1
0.027998222,0.620439239,0.077175843,0.125502231,0.158931188,0.17126376,0.188143215,1
0.032772494,0.648545385,0.078775824,0.132706256,0.171889949,0.181866629,0.209211986,1
0.035881905,0.675273521,0.082908368,0.139129391,0.178633087,0.194858567,0.22848038,1
0.033626987,0.701689635,0.088074418,0.143671778,0.183572783,0.205978711,0.238670893,1
0.033911818,0.725914802,0.096056762,0.147326952,0.190722269,0.214016072,0.246862924,1
0.036510331,0.747678042,0.097184352,0.151687077,0.201262413,0.225284719,0.277404501,1
0.034216237,0.769517927,0.105103809,0.157614051,0.202276144,0.231720055,0.280550079,1
0.014953333,0.119969342,0.024060197,0.067560815,0.073327276,0.053212544,0.117500674,1
0.012630898,0.127105439,0.028345129,0.069703847,0.081712679,0.057754475,0.135398197,1
0.014403077,0.138347843,0.02853615,0.074400721,0.086510714,0.063681715,0.143869936,1
0.012592054,0.146101615,0.030028135,0.079935898,0.095788006,0.068799042,0.159170107,1
0.01420671,0.154061278,0.035471949,0.086601789,0.095596969,0.072480565,0.183370118,1
0.014141255,0.162554298,0.036156278,0.089041208,0.101880929,0.075413515,0.204674867,1
0.017912863,0.169666129,0.038198992,0.092076312,0.103911904,0.082501152,0.226353537,1
0.014265435,0.176495351,0.040735611,0.098783965,0.108311153,0.084213743,0.232543322,1
0.015934433,0.186025181,0.040634451,0.098776342,0.112082165,0.092029965,0.238577599,1
0.015274956,0.194733406,0.046329083,0.10263729,0.113177981,0.095206236,0.249162703,1
0.001207944,0.162488886,0.028003324,0.057520808,0.082423409,0.059919989,0.080788317,1
-0.001291986,0.176140156,0.030431923,0.060785474,0.089820659,0.075446812,0.089887798,1
0.000948549,0.186444056,0.039660707,0.061245323,0.091919898,0.078325392,0.122321726,1
0.002489687,0.199311925,0.040291293,0.067369641,0.091830185,0.082832922,0.141049008,1
0.011888266,0.220056681,0.028929313,0.072819571,0.09738284,0.090177771,0.162985557,1
0.009024422,0.228005681,0.03674541,0.068539633,0.099203821,0.095756169,0.165146938,1
0.012830271,0.235942662,0.038818658,0.073812443,0.1016617,0.100063918,0.178062394,1
0.014771877,0.246120802,0.045370314,0.070888192,0.106343194,0.1033593,0.184715611,1
0.011804883,0.260297196,0.041734866,0.076553858,0.107095381,0.109148885,0.199376523,1
0.014718295,0.261904958,0.050844956,0.077467662,0.108906609,0.112177207,0.20973644,1
0.009304227,0.08726084,0.036575558,0.067654096,0.089943249,0.043552674,0.107622647,1
0.009934502,0.096119092,0.038392782,0.067731006,0.09505478,0.049258735,0.129439004,1
0.009668118,0.104420915,0.041591009,0.072797638,0.099751947,0.05567672,0.1454268,1
0.008161811,0.11014094,0.041635222,0.076139756,0.107904326,0.059718068,0.182442247,1
0.009198518,0.116442493,0.04434364,0.078942673,0.110559903,0.063204513,0.193599578,1
0.010669589,0.12207729,0.048516391,0.082618622,0.110907347,0.068968985,0.217795192,1
0.011505515,0.130938886,0.04918251,0.08315064,0.120046375,0.073680229,0.226324298,1
0.015529722,0.137398621,0.047540259,0.084553296,0.129718949,0.08368255,0.251880976,1
0.01063935,0.144133336,0.05047009,0.088453395,0.132734275,0.082076655,0.258360091,1
0.010350628,0.148531486,0.050899283,0.09022098,0.136963575,0.088130673,0.272293897,1
0.01160443,0.09601676,0.046318066,0.061839283,0.092316384,0.056850615,0.144586546,1
0.013360075,0.101374002,0.050123145,0.068404107,0.101278633,0.057302233,0.164659238,1
0.008972543,0.108765671,0.0513528,0.077919672,0.107825943,0.064092616,0.199761615,1
0.009722852,0.11789812,0.057913857,0.07514178,0.1146234,0.068134221,0.211642889,1
0.015020861,0.121778555,0.062138365,0.079015276,0.123954469,0.075000091,0.232186918,1
0.013781758,0.1326266,0.06085074,0.079380477,0.130958248,0.078635917,0.259271394,1
0.015134727,0.139163698,0.068340118,0.08242098,0.131520385,0.08539169,0.283285583,1
0.015172683,0.143331141,0.075290182,0.086811423,0.138925169,0.088855556,0.298690867,1
0.01400872,0.148526925,0.080103329,0.089288405,0.14158081,0.092262103,0.306947879,1
0.018516197,0.158158418,0.087279608,0.088322339,0.14330668,0.097807449,0.319718124,1
0.01551514,0.367876002,0.053190537,0.073531203,0.094036195,0.109272656,0.137418382,1
0.020276612,0.392813118,0.055451144,0.078048602,0.099539628,0.126435808,0.146383604,1
0.017138918,0.418602102,0.063232123,0.081776602,0.106842982,0.132605946,0.168819412,1
0.017680177,0.442021219,0.064951714,0.084525068,0.111111912,0.146894126,0.184169235,1
0.021697511,0.463306732,0.069746175,0.089939098,0.119852152,0.152085962,0.20653007,1
0.021589437,0.484718692,0.071917525,0.094287535,0.12744375,0.161834509,0.232121122,1
0.024520128,0.5054616,0.077494671,0.09754169,0.131260093,0.171697448,0.23833946,1
0.022205793,0.522768431,0.078449899,0.101703492,0.135062739,0.176607006,0.26847384,1
0.024038849,0.541962093,0.083882565,0.104175477,0.137602402,0.186413985,0.274080996,1
0.023878422,0.557384133,0.087639467,0.108014344,0.14134411,0.192947101,0.289250049,1
0.01354554,0.064130048,0.076822166,0.081561335,0.128082873,0.054697521,0.060784318,2
0.020754537,0.065716419,0.082700712,0.088395235,0.132821699,0.063289573,0.071106262,2
0.018920338,0.068998301,0.088005022,0.092459482,0.144259857,0.069602469,0.099627589,2
0.020711938,0.073876261,0.09173264,0.097719801,0.152907394,0.076198389,0.104437325,2
0.019070134,0.071713396,0.097998492,0.104083198,0.16123023,0.083756536,0.118802888,2
0.02074767,0.07750124,0.101329648,0.107957771,0.165259416,0.086846954,0.139843092,2
0.024014789,0.078709566,0.104528651,0.112998031,0.174259569,0.090396476,0.158155431,2
0.025663007,0.082669227,0.10670537,0.114342038,0.180230287,0.097492602,0.163134924,2
0.020791036,0.086019493,0.11338009,0.119725336,0.183592973,0.097785942,0.175781681,2
0.021344056,0.086828532,0.11633057,0.125222979,0.186704107,0.100249098,0.201188348,2
0.029078827,0.238318824,0.088728692,0.074386838,0.119789275,0.119360952,0.089272059,2
0.031220984,0.254250962,0.098590998,0.083111286,0.121050918,0.131824353,0.114907314,2
0.030516603,0.27030972,0.105408647,0.086353541,0.134316523,0.143624268,0.125025937,2
0.029368258,0.284228561,0.112596236,0.091970046,0.140786543,0.151712041,0.141826708,2
0.032005891,0.299103906,0.117264648,0.094922967,0.152247897,0.163224082,0.154055048,2
0.030874717,0.315212385,0.121216649,0.097779442,0.158225022,0.171384958,0.180007461,2
0.026494057,0.32716793,0.130600536,0.101343511,0.164037848,0.181197805,0.187851565,2
0.029539591,0.341405418,0.135045833,0.103483693,0.167967831,0.185561442,0.20237228,2
0.025839341,0.353391637,0.142910769,0.10538511,0.171215435,0.191914541,0.211454823,2
0.028876311,0.365388081,0.145386575,0.106732309,0.173607964,0.200369598,0.225832993,2
0.027513705,0.189410022,0.084702465,0.092308383,0.138760208,0.108728371,0.114879413,2
0.030916506,0.202083064,0.092380754,0.093313431,0.153263256,0.121408863,0.149770742,2
0.031195487,0.211226862,0.09809024,0.099959875,0.165049488,0.132376474,0.15527401,2
0.030795143,0.225009559,0.10580804,0.102510373,0.173812581,0.141886779,0.173621688,2
0.032382294,0.235906932,0.111911406,0.108831229,0.183917565,0.150340355,0.191337629,2
0.032777896,0.24738883,0.119773669,0.111788346,0.191834528,0.162838732,0.204986439,2
0.033438813,0.251593379,0.126056483,0.118136212,0.197841843,0.169822717,0.228462189,2
0.033790986,0.26658782,0.130771509,0.11961027,0.200855665,0.176316837,0.252230272,2
0.034128683,0.2794979,0.139320268,0.122217577,0.208745524,0.182437143,0.256584987,2
0.032731036,0.288799406,0.142113926,0.121950428,0.212380084,0.191524764,0.270842065,2
0.02446528,0.468093807,0.069305299,0.079288696,0.093557742,0.144852167,0.083590844,2
0.024821563,0.497143853,0.06934779,0.083002096,0.105017903,0.162568694,0.096428733,2
0.027822177,0.520964637,0.074212488,0.086649014,0.111764798,0.166926745,0.109160172,2
0.025685934,0.546726267,0.077475822,0.089102453,0.117833817,0.179167751,0.133959322,2
0.03085687,0.568136551,0.080185166,0.087880697,0.125360997,0.186328374,0.144841915,2
0.025358018,0.588743335,0.087058871,0.093174071,0.126637855,0.194423187,0.156735829,2
0.025248713,0.607631837,0.090253221,0.099414089,0.131200138,0.197880729,0.170838415,2
0.029889744,0.627307349,0.093609239,0.101630949,0.126636102,0.20824193,0.179503915,2
0.026517506,0.645044833,0.095792695,0.104449909,0.133145934,0.20959297,0.193603693,2
0.025312833,0.66077104,0.097639186,0.109383724,0.138677345,0.215124654,0.206074932,2
0.047086417,0.824040612,0.111555974,0.114221747,0.14588836,0.236727562,0.053688796,2
0.053138523,0.8744407,0.117167065,0.120363003,0.158385986,0.261095921,0.063590359,2
0.050335396,0.917722937,0.131254034,0.129301687,0.16717999,0.280850015,0.090525343,2
0.053045994,0.960343608,0.13619245,0.135955938,0.180787617,0.303695521,0.096293776,2
0.051387547,0.998743536,0.149044661,0.139525979,0.184999619,0.324405804,0.113705331,2
0.056621076,1.033888423,0.156602475,0.142934077,0.195822308,0.342179608,0.124687202,2
0.056185166,1.069796591,0.163405816,0.148515331,0.200833871,0.35989045,0.142289699,2
0.056156768,1.099991359,0.171448076,0.149884178,0.20773956,0.373346269,0.153445425,2
0.052746791,1.128536087,0.178024214,0.155456086,0.213339581,0.386990365,0.174424729,2
0.056483478,1.151371128,0.182897013,0.16102488,0.22076336,0.400906482,0.198157239,2
0.038133687,0.773916813,0.075938821,0.100473371,0.130788142,0.215473313,0.095014628,2
0.037321279,0.816167658,0.084769527,0.106587879,0.140786357,0.236585885,0.097071238,2
0.041102176,0.856851074,0.090027782,0.110687083,0.1478165,0.256155149,0.115460914,2
0.038836464,0.894261452,0.099606915,0.115719258,0.155120223,0.27297097,0.127159155,2
0.039341526,0.928430738,0.106180316,0.12201826,0.161525782,0.28835454,0.142071273,2
0.035499434,0.958801043,0.113192098,0.129050527,0.167723148,0.29908767,0.159079413,2
0.029504278,0.98845226,0.117720492,0.133494283,0.178434539,0.315931257,0.172974708,2
0.032735612,1.014969851,0.123194822,0.140574832,0.180815583,0.326751101,0.186531061,2
0.035069547,1.040203204,0.126529063,0.142788663,0.186807332,0.339227453,0.198936819,2
0.036924636,1.062336331,0.129465253,0.147514394,0.189598264,0.351875664,0.227122106,2
0.027835635,0.134585075,0.084059599,0.053111227,0.084125456,0.091755893,0.074654772,2
0.030771203,0.141808878,0.088301689,0.057066387,0.088353008,0.100697509,0.09127002,2
0.031905404,0.147469859,0.093586575,0.05951233,0.096555322,0.108421967,0.103159827,2
0.033261994,0.155019996,0.096762234,0.06164603,0.103953818,0.11560493,0.132192762,2
0.034092258,0.164306514,0.10121002,0.063172578,0.109154088,0.128712091,0.137695654,2
0.036448813,0.171546337,0.110261585,0.066020265,0.105215656,0.133847861,0.149207597,2
0.03100067,0.180310325,0.11150616,0.067478344,0.117029498,0.139928838,0.166272438,2
0.033225348,0.187272533,0.114938206,0.068913599,0.121282239,0.145295358,0.172542824,2
0.028895652,0.192514599,0.119752289,0.069878043,0.123382558,0.14911119,0.188459254,2
0.031449188,0.19658269,0.125756207,0.070677943,0.127127849,0.15054437,0.200737672,2
0.033015203,0.261827274,0.080581926,0.058129456,0.0959704,0.128465003,0.105785677,2
0.034184029,0.280950057,0.086902833,0.06211918,0.099568003,0.141158769,0.124175902,2
0.041605473,0.294207027,0.096192836,0.06417142,0.110101343,0.149444903,0.141106985,2
0.046096501,0.30988309,0.101396473,0.069440617,0.114811657,0.169459037,0.159391171,2
0.043556908,0.334175872,0.104600082,0.070253492,0.121520479,0.182147667,0.172757198,2
0.040952178,0.349126425,0.11228531,0.070653245,0.126954462,0.196303797,0.189817685,2
0.042492612,0.367090349,0.115914922,0.072685058,0.131002064,0.203624447,0.206470274,2
0.040510243,0.382944654,0.12131414,0.071867976,0.134162592,0.215666185,0.222590778,2
0.040362931,0.399100209,0.125951354,0.07390049,0.141448114,0.223747919,0.238397955,2
0.039653037,0.417908184,0.129296831,0.074305635,0.144930131,0.232083347,0.252295723,2
0.040909553,0.392572691,0.086665853,0.067640646,0.083205659,0.144240463,0.065065963,2
0.034738113,0.421021651,0.09470423,0.070526055,0.091011693,0.159531651,0.082742926,2
0.036609118,0.444049677,0.099844715,0.074050359,0.10071568,0.174499559,0.092889421,2
0.033548035,0.469346693,0.105865273,0.079442138,0.104924749,0.184585924,0.111929532,2
0.036406551,0.493593061,0.11284083,0.077531353,0.109562435,0.197820161,0.12491361,2
0.036339029,0.518245543,0.115545263,0.083574497,0.117394166,0.207221299,0.140471151,2
0.032386547,0.539427972,0.122027135,0.083324346,0.119923033,0.218021633,0.164633462,2
0.035929359,0.562844297,0.120206425,0.088510552,0.126631775,0.228010665,0.169735392,2
0.034165198,0.580965756,0.128270562,0.090155903,0.128083374,0.234940453,0.186000555,2
0.036385686,0.602949705,0.125468891,0.092433089,0.134058695,0.245462873,0.201260941,2
0.020790035,0.309897979,0.087417576,0.059988132,0.089770009,0.11450452,0.051632232,2
0.020446864,0.32990189,0.094208322,0.064242643,0.097553063,0.126407208,0.06382427,2
0.019930529,0.349985373,0.100255508,0.0654988,0.104107691,0.137270055,0.079501126,2
0.022899235,0.36823065,0.102907214,0.068963293,0.113769731,0.146486171,0.109949611,2
0.025344296,0.38751732,0.109062053,0.067281635,0.117547682,0.16131718,0.1155591,2
0.027148885,0.403283178,0.113625172,0.071131122,0.123655283,0.167705284,0.132461237,2
0.028565436,0.42147777,0.117197825,0.07510894,0.122067655,0.179661134,0.143220321,2
0.029639149,0.439308337,0.116654541,0.077718042,0.136595146,0.190658597,0.158951144,2
0.015820799,0.454571931,0.125802351,0.078286077,0.142536038,0.188544077,0.169408717,2
0.021338212,0.467230923,0.128670526,0.079345123,0.142848416,0.196387871,0.1846486,2
0.030247786,0.758259309,0.069578719,0.161359909,0.196088954,0.206690092,0.099351707,2
0.034969768,0.800788903,0.075070364,0.173488195,0.215676606,0.224202955,0.130322931,2
0.034434497,0.839344195,0.082070528,0.184858222,0.231981749,0.243891432,0.136454046,2
0.037457672,0.879393324,0.091117277,0.194318597,0.247201223,0.2644299,0.155331909,2
0.038286973,0.913732819,0.098093851,0.204517273,0.262592241,0.279466486,0.178316673,2
0.039571131,0.948294652,0.105062564,0.214325499,0.274423342,0.296207649,0.19552609,2
0.038648014,0.976144574,0.109710992,0.224249674,0.285124986,0.311683045,0.202413733,2
0.038768361,1.006714117,0.111955769,0.238965162,0.300773922,0.325677107,0.216956504,2
0.031990354,1.032697689,0.122391525,0.245550779,0.312812657,0.338755467,0.230610391,2
0.037909155,1.056431539,0.126618369,0.252651147,0.323669484,0.35266242,0.241636882,2
0.046086435,1.027658433,0.078278631,0.147938636,0.162196812,0.288251851,0.104826751,2
0.048681178,1.079975404,0.086119888,0.153551142,0.184735019,0.321254538,0.116077387,2
0.054050142,1.124094092,0.094513048,0.165600759,0.194094465,0.343468275,0.130926379,2
0.045311481,1.169260144,0.098296916,0.181253759,0.209609828,0.365128959,0.154274693,2
0.049071062,1.207159745,0.105611134,0.18886036,0.219529035,0.387891786,0.162124316,2
0.047411369,1.244613922,0.112565704,0.201496373,0.231262433,0.407582436,0.179034045,2
0.046483727,1.276242264,0.122204779,0.209871515,0.241735177,0.423361199,0.192169974,2
0.045621282,1.305780187,0.129363599,0.218502838,0.250764828,0.440067149,0.221716444,2
0.049907399,1.332679359,0.134962897,0.225799263,0.258893231,0.459033408,0.224550681,2
0.047793414,1.35800214,0.140843207,0.23761893,0.269495395,0.470924144,0.240227062,2
0.017309929,0.256138085,0.031617519,0.082348972,0.125591412,0.090589683,0.033833572,2
0.019326239,0.275122432,0.037516081,0.091493308,0.137020659,0.098062837,0.050647155,2
0.011561014,0.293623297,0.042575783,0.099939614,0.151664961,0.105852923,0.057131596,2
0.01778273,0.309373576,0.049483746,0.104175557,0.160356144,0.112568274,0.069780417,2
0.015640623,0.328928645,0.051845364,0.11491339,0.171389848,0.122286233,0.082668588,2
0.017000493,0.345579907,0.056562829,0.121532253,0.179592414,0.131019211,0.099318939,2
0.018367351,0.364159101,0.060550127,0.125690215,0.189259712,0.142052335,0.110792717,2
0.017648656,0.379157794,0.063451714,0.134165302,0.196843938,0.147013432,0.121795031,2
0.022747523,0.393605632,0.067375614,0.138376318,0.205849654,0.157227652,0.13254227,2
0.020952372,0.408303955,0.069650776,0.145860227,0.213007239,0.16228609,0.139792121,2
0.006905114,0.197100526,0.028006517,0.056614002,0.091111071,0.058533005,0.027631555,2
0.011457671,0.215626914,0.034050736,0.061968959,0.090696333,0.067100732,0.038339468,2
0.007748533,0.228396126,0.036961793,0.065894841,0.101943614,0.073127912,0.048357528,2
0.008029672,0.245338409,0.039946885,0.068988454,0.10880967,0.077992882,0.058521394,2
0.00851461,0.260125053,0.043539872,0.074583494,0.11159224,0.086506411,0.084779953,2
0.008769969,0.272328967,0.047360169,0.077479712,0.12294647,0.09096591,0.090410345,2
0.012271943,0.286208632,0.048203659,0.080310131,0.129286341,0.100173065,0.1026676,2
0.003758762,0.298158366,0.051385859,0.083846614,0.143322395,0.0982182,0.12490619,2
0.010226381,0.311650978,0.055982965,0.089224124,0.145231558,0.105518443,0.133149596,2
0.009544527,0.321759365,0.056948462,0.09056785,0.15054663,0.107300235,0.13842745,2
0.005162195,0.166886741,0.023092125,0.070325239,0.077504185,0.057093623,0.055016561,2
0.010453407,0.177574051,0.027666561,0.071221295,0.087467169,0.065270347,0.057866102,2
0.009762492,0.189039014,0.022778937,0.079734261,0.100237847,0.073340073,0.085804638,2
-0.001724909,0.199678313,0.027557353,0.082870602,0.107815735,0.075500348,0.091184517,2
-0.000901535,0.205418797,0.032403763,0.091636517,0.117853798,0.074027536,0.099035448,2
0.003681811,0.212506328,0.032356831,0.090721123,0.120470573,0.080767107,0.113211343,2
0.007111654,0.22329275,0.035584261,0.096593172,0.123061249,0.084150298,0.123808826,2
0.009782718,0.229250734,0.041527239,0.094990182,0.128052274,0.087524552,0.12881141,2
0.010188749,0.234832203,0.044584041,0.101296014,0.128951903,0.091404637,0.137266641,2
0.01609726,0.241933896,0.047583968,0.102863628,0.139053476,0.095450355,0.1498906,2
0.020767413,0.615023831,0.038164945,0.078976238,0.073244535,0.155651795,0.036773089,2
0.024329835,0.649257416,0.038859695,0.085341921,0.091008083,0.168862722,0.051477806,2
0.022193874,0.685424478,0.043253005,0.088301365,0.094789935,0.18401786,0.049273736,2
0.021041757,0.715401777,0.046576629,0.097920158,0.108482152,0.193473215,0.079482285,2
0.024828544,0.745587918,0.04914894,0.103740508,0.114306841,0.206559525,0.079051486,2
0.020823955,0.775408023,0.054369461,0.113769701,0.117557269,0.218956226,0.092232611,2
0.025634166,0.800292918,0.056967071,0.112542465,0.12546512,0.230705771,0.098110324,2
0.027530311,0.823410731,0.057945511,0.123614472,0.135694963,0.237126916,0.10446327,2
0.033020972,0.842666841,0.062392736,0.126896063,0.140113257,0.252949437,0.116678177,2
0.030600428,0.864929503,0.06420129,0.130052991,0.144995969,0.258736388,0.127750274,2
0.024683694,0.491498248,0.043136272,0.116129492,0.139515856,0.142955255,0.108188711,2
0.025925777,0.525166827,0.043962323,0.122659689,0.152288015,0.165167236,0.111664345,2
0.028588574,0.553732108,0.05051724,0.130377644,0.16107004,0.178553851,0.128622894,2
0.026634992,0.580987145,0.057860375,0.136754632,0.171509977,0.19042005,0.154965538,2
0.028499001,0.607731939,0.060865455,0.14308055,0.181172506,0.203720467,0.15800604,2
0.030096748,0.630614695,0.065942464,0.150570061,0.19275614,0.213736943,0.174310838,2
0.027995458,0.653667628,0.071891702,0.158430412,0.199838194,0.223136845,0.185642084,2
0.02782761,0.677117545,0.075567118,0.170057449,0.206060091,0.232864179,0.199736912,2
0.022188419,0.699128912,0.082030544,0.173298037,0.212122345,0.240867529,0.211467478,2
0.02839076,0.717537881,0.08215495,0.18150912,0.221099874,0.251660569,0.224958755,2
0.07928017,1.65233564,0.068372023,0.180153268,0.134506245,0.439551843,0.083813848,2
0.07911177,1.706230078,0.07642079,0.197788595,0.14434801,0.471217302,0.103592662,2
0.079815543,1.754938573,0.084071563,0.208011871,0.159683189,0.504110549,0.113901128,2
0.079994,1.797277571,0.089304743,0.223808489,0.171330712,0.532140534,0.128813034,2
0.081915681,1.834137152,0.098482206,0.237364599,0.181952551,0.555703486,0.14698545,2
0.080988123,1.870302304,0.104913358,0.25040405,0.189375671,0.579411548,0.161268766,2
0.082947101,1.899526694,0.108488625,0.259269237,0.197018261,0.603306574,0.181852968,2
0.083290908,1.929461228,0.116706911,0.269825992,0.203667769,0.620801874,0.190220265,2
0.082430899,1.954063682,0.119010491,0.281182785,0.21168701,0.639481462,0.219402015,2
0.075748415,1.978753095,0.127400592,0.290114905,0.221459406,0.651539758,0.222152739,2
0.014349652,0.500731392,0.023865822,0.065820717,0.073596414,0.124809806,0.047334472,2
0.012343075,0.533687359,0.026825755,0.072725869,0.080453246,0.135047049,0.05946304,2
0.018663201,0.565183854,0.027964901,0.076455633,0.080972283,0.153025202,0.084427296,2
0.016845842,0.593178425,0.030958864,0.083255813,0.091568926,0.160802729,0.083770737,2
0.021601972,0.619519197,0.032336567,0.086765794,0.098529361,0.17101556,0.098383719,2
0.017698751,0.645768999,0.037048998,0.088574911,0.102754117,0.178639951,0.104663464,2
0.021238262,0.671437211,0.035823834,0.091975548,0.108110118,0.189468504,0.132786561,2
0.017861817,0.691998424,0.040241465,0.09696734,0.114558911,0.195619485,0.132860946,2
0.022798984,0.715546254,0.041305621,0.099764817,0.120121447,0.204534538,0.148770523,2
0.023319225,0.736759684,0.043132883,0.10236124,0.117614807,0.212811758,0.155726115,2
0.017485874,0.459063587,0.02797444,0.066930099,0.084624213,0.115557611,0.039952156,2
0.020156661,0.493791703,0.034855524,0.071036533,0.079030139,0.128135151,0.041794288,2
0.019383449,0.522045513,0.038195925,0.074634711,0.091009784,0.13949915,0.058173294,2
0.020015974,0.552805114,0.039975483,0.080458123,0.09802112,0.150734871,0.05773659,2
0.018341474,0.575731459,0.04330974,0.086853861,0.105979051,0.158268111,0.072816315,2
0.019621754,0.603392399,0.046641949,0.092554515,0.112596411,0.169407244,0.082580135,2
0.021117951,0.621882432,0.047236501,0.096586646,0.119082446,0.177258973,0.094116525,2
0.015533027,0.647031715,0.053428233,0.101458512,0.126705452,0.185216864,0.119120241,2
0.022308138,0.666460965,0.057317932,0.099543699,0.128153258,0.193741946,0.13292788,2
0.022704867,0.687830893,0.057423201,0.107039799,0.13443207,0.19923627,0.139354582,2
0.02067848,0.258738025,0.03697201,0.067544517,0.093399835,0.091439004,0.101828862,2
0.020337398,0.276812163,0.042615111,0.073857732,0.10167445,0.099318648,0.113565764,2
0.020507897,0.295053188,0.048013415,0.078709604,0.107667991,0.107531196,0.127462271,2
0.02207864,0.313668659,0.05006628,0.082431299,0.115679251,0.117778073,0.152282783,2
0.029169471,0.325954157,0.054177607,0.086916759,0.125230331,0.125558819,0.168443664,2
0.025546245,0.346020105,0.056232337,0.089652478,0.131084444,0.134823235,0.17884892,2
0.026702114,0.361686733,0.063170502,0.092059537,0.134591904,0.143760164,0.189331903,2
0.024252057,0.3768528,0.066168134,0.097029005,0.142595241,0.148199675,0.20443267,2
0.027075869,0.387130365,0.07110767,0.101115452,0.144804569,0.154286092,0.217843399,2
0.023945246,0.405377201,0.072125789,0.10413409,0.148208791,0.159422339,0.227347231,2
0.013992264,0.120544233,0.042983561,0.064658045,0.095079281,0.063670615,0.120375915,2
0.010479567,0.129463959,0.04966988,0.069939913,0.105136721,0.070146311,0.13597955,2
0.014667693,0.139651168,0.049764689,0.072535257,0.116868875,0.077808767,0.157391926,2
0.013265233,0.149275355,0.053652669,0.078416202,0.124132074,0.085776692,0.177868617,2
0.014193788,0.155879153,0.056607869,0.081241632,0.132091462,0.09098682,0.185321223,2
0.020546236,0.161288482,0.058888929,0.085771362,0.138793262,0.097007108,0.199513801,2
0.01646282,0.171803274,0.062261954,0.086595477,0.146935533,0.104005789,0.213239279,2
0.01559156,0.178738919,0.065774253,0.0916353,0.151883557,0.108345445,0.224172901,2
0.01719521,0.187810939,0.066441756,0.093589947,0.156246988,0.115380099,0.237275414,2
0.004418507,0.19802964,0.071090232,0.097549041,0.165861223,0.117543931,0.250170272,2
0.033183297,0.700187811,0.04623821,0.088320569,0.099036056,0.176617295,0.09137918,2
0.034832618,0.739508592,0.052746329,0.087972611,0.098779523,0.192717185,0.11127993,2
0.033088638,0.774495155,0.057408909,0.097175852,0.109558318,0.207095869,0.124519183,2
0.03468469,0.810657499,0.061132475,0.101755217,0.121203759,0.222138205,0.142076267,2
0.03463538,0.840884218,0.063927857,0.107977023,0.123795692,0.235200421,0.157224525,2
0.031895752,0.871151926,0.069356048,0.111577413,0.131796692,0.246196209,0.171381514,2
0.035848919,0.899454756,0.073724843,0.11159627,0.136955274,0.26072596,0.20068118,2
0.034625828,0.923861082,0.073735297,0.119313103,0.146224614,0.272489681,0.205401106,2
0.035535853,0.946313613,0.075195047,0.12351927,0.151033921,0.282881776,0.219996179,2
0.037059102,0.968443648,0.078940323,0.127493604,0.157354407,0.291894652,0.239455345,2
0.038667101,0.79114996,0.090567346,0.137790828,0.170988657,0.221708827,0.076520251,2
0.044054145,0.837614801,0.096118715,0.146925599,0.187031296,0.242649438,0.096956645,2
0.042384947,0.878533566,0.106662281,0.157079955,0.19958087,0.262370724,0.113489695,2
0.045251833,0.919868466,0.113654863,0.165137268,0.21399442,0.28406271,0.125812842,2
0.04483726,0.956238178,0.123569256,0.172021626,0.22379593,0.301936145,0.146011002,2
0.048096104,0.991091538,0.130832519,0.178629788,0.235122825,0.319193629,0.160106646,2
0.04741659,1.022970582,0.136558404,0.186382503,0.242979429,0.335786747,0.172351716,2
0.047462565,1.053352738,0.141701922,0.19442467,0.254256741,0.349511688,0.185200964,2
0.042368572,1.080616888,0.150207869,0.200503432,0.263076119,0.362872916,0.20251756,2
0.047196316,1.103901334,0.154757691,0.206838013,0.272216422,0.376784451,0.21989706,2
0.056147687,0.957081457,0.074476975,0.119141362,0.115238322,0.284008423,0.094799762,2
0.0566479,0.993590067,0.081661812,0.129953887,0.121958007,0.306188036,0.113884282,2
0.060710508,1.0245728,0.0901322,0.136091646,0.134892266,0.326777726,0.127504057,2
0.06304525,1.053580331,0.095350608,0.146624553,0.143071185,0.350799785,0.144102103,2
0.062736294,1.084156512,0.101541144,0.153809045,0.151736515,0.368925577,0.159871324,2
0.06097015,1.109714364,0.108599334,0.160528647,0.158165066,0.387857673,0.175543225,2
0.062719857,1.133308521,0.112201774,0.165977148,0.164010163,0.40346551,0.194161621,2
0.061900575,1.156202941,0.119010526,0.170846984,0.16891518,0.41823403,0.206405522,2
0.061396915,1.176581946,0.122480923,0.177541637,0.176567562,0.43161469,0.228899985,2
0.057700726,1.198330639,0.128348712,0.18221027,0.183194768,0.441811553,0.237224231,2
0.037582631,0.632988628,0.083503661,0.111162737,0.140993044,0.203806401,0.097049405,2
0.039951081,0.667113183,0.092355443,0.118331214,0.152892969,0.226539446,0.11549235,2
0.042283373,0.697201906,0.099960847,0.12597715,0.164205494,0.243546272,0.127976158,2
0.03733987,0.726744353,0.105446576,0.136611903,0.175198185,0.2584205,0.148050701,2
0.040538477,0.753131826,0.111437891,0.141891663,0.185888466,0.275557934,0.158089682,2
0.039143043,0.779913153,0.116891176,0.149637907,0.194743728,0.289483697,0.179520753,2
0.036488892,0.801705097,0.126402658,0.155607513,0.202886512,0.302279502,0.19001077,2
0.037580436,0.823592802,0.132204716,0.160993265,0.20936633,0.312814295,0.212044362,2
0.03787337,0.843035498,0.138936833,0.165592187,0.215054333,0.325473974,0.218002752,2
0.038334863,0.86169511,0.143114891,0.172175619,0.221551679,0.335646871,0.233030028,2
0.02746574,0.624878778,0.056357495,0.138744701,0.167802405,0.174822674,0.103770209,2
0.030447772,0.662977865,0.059516344,0.148073942,0.183982311,0.194685095,0.120993638,2
0.031511535,0.696538152,0.066293884,0.157617933,0.196525895,0.211222642,0.13253847,2
0.032046332,0.730190235,0.074488826,0.165536615,0.2093556,0.227424975,0.155148723,2
0.033392987,0.760732379,0.079479653,0.173798912,0.221882373,0.241593476,0.168161356,2
0.03483394,0.789454673,0.085502514,0.18244778,0.233589741,0.254972296,0.184918464,2
0.033321736,0.814906101,0.090801347,0.191340043,0.24248159,0.267409945,0.194027909,2
0.033297986,0.841915831,0.093761443,0.204511305,0.253417006,0.279270643,0.208346708,2
0.027089386,0.8659133,0.102211034,0.209424408,0.262467501,0.289811498,0.221038935,2
0.033149957,0.88698471,0.104386659,0.217080134,0.272384679,0.302161495,0.233297818,2
0.051981932,1.071916944,0.055754148,0.14814138,0.13701105,0.291253549,0.09600128,2
0.052518774,1.115698452,0.060191556,0.160224142,0.148318013,0.318192269,0.107628503,2
0.054202058,1.15433534,0.067294401,0.169194757,0.160376615,0.3413322,0.121262011,2
0.053314496,1.189132358,0.073582559,0.18028156,0.171420345,0.361280292,0.141889286,2
0.055207341,1.220934545,0.07967383,0.190222575,0.181562528,0.379711976,0.152495745,2
0.055542435,1.250458499,0.085427911,0.200487055,0.191065905,0.396574246,0.167789802,2
0.05547128,1.276597161,0.090190164,0.208849825,0.198428228,0.413221709,0.183747526,2
0.055559259,1.303289387,0.096137015,0.21994172,0.20486393,0.426833027,0.194978588,2
0.052309659,1.326596297,0.100520518,0.227240411,0.211904678,0.440174495,0.215434747,2
0.052069587,1.348145488,0.104777771,0.235812012,0.22127964,0.451600164,0.223555747,2
0.021084784,0.475280917,0.035555356,0.091529796,0.112070034,0.129256433,0.074070434,2
0.023041219,0.509479265,0.039408923,0.096848111,0.115659077,0.146651193,0.076729316,2
0.023986011,0.537888811,0.044356583,0.102506177,0.126039912,0.159026501,0.093398094,2
0.023325483,0.566896129,0.048917929,0.108606377,0.134765549,0.17057746,0.106351064,2
0.023420238,0.591731699,0.052087598,0.114967206,0.143575779,0.180994289,0.115411177,2
0.024859251,0.617003547,0.056292207,0.121562288,0.152676276,0.191572094,0.128445487,2
0.024556704,0.63777503,0.059564101,0.127508529,0.15946032,0.200197909,0.139879305,2
0.021680318,0.66207463,0.064497676,0.135757981,0.166382772,0.209040522,0.159428576,2
0.022248278,0.682794939,0.069674238,0.136420868,0.170137801,0.217304737,0.172197679,2
